Word,VarImp
bad,1056.860957
wast,518.6417224
worst,465.8304541
great,257.3769145
bore,177.0736635
poor,163.0126865
aw,147.4128625
stupid,110.2345732
noth,106.8387236
wors,2.367601662
