Word,VarImp
bad,669.7935707
worst,454.0215531
wast,369.896485
great,291.9778081
poor,203.2035583
aw,179.9627563
bore,134.3273289
love,125.5710013
excel,123.2919921
noth,121.3203617
